{
  "GradientBoosting": {
    "auc": 0.9999945918876151,
    "f1": 0.9939879759519038
  }
}