{
  "Basic": {
    "f1": 0.9515789473684211,
    "auc": 0.999716614911031,
    "recall": 0.9076305220883534,
    "precision": 1.0
  },
  "Class Weights": {
    "f1": 0.9603340292275574,
    "auc": 0.999866419624093,
    "recall": 0.9236947791164659,
    "precision": 1.0
  },
  "Custom Weights": {
    "f1": 0.9537815126050421,
    "auc": 0.99983883825093,
    "recall": 0.9116465863453815,
    "precision": 1.0
  }
}