{
  "hour": {
    "0": 0.0,
    "1": 0.0,
    "2": 0.0,
    "3": 0.0,
    "4": 0.0
  },
  "day_of_week": {
    "0": 2.0,
    "1": 2.0,
    "2": 2.0,
    "3": 2.0,
    "4": 2.0
  },
  "is_weekend": {
    "0": 0.0,
    "1": 0.0,
    "2": 0.0,
    "3": 0.0,
    "4": 0.0
  },
  "is_business_hours": {
    "0": 0.0,
    "1": 0.0,
    "2": 0.0,
    "3": 0.0,
    "4": 0.0
  },
  "resource_sensitivity": {
    "0": 0.6283702213279678,
    "1": 0.7290540540540541,
    "2": 0.3556201550387597,
    "3": 0.7748714180749449,
    "4": 0.44335106382978723
  },
  "asn_risk_score": {
    "0": 0.13802816901408452,
    "1": 0.5616216216216215,
    "2": 0.15290697674418605,
    "3": 0.1364437913299045,
    "4": 0.6122340425531915
  }
}